editionId,PlaylistOrder,Artist,Title,sampleAddr
830,1,Twocolors & Safri Duo , Head Above Water,
830,2,Cheat Codes & Edward Maya , Be Your Friend,
830,3,DOD , Sunshine,
830,4,Marshmello & Ellie Goulding , Save My Love,
830,5,Don Diablo & Nelly Furtado , Doing Nothin,
830,6,Chapter & Verse , 4 Minutes,
830,7,Gadjo , So Many Times (Stuart Ojelay Edit),
830,8,Stefano Pain , Boom Boom Boom,
830,9,Reinier Zonneveld , Mama Maria,
830,10,Cyril & James Blunt , Tears Dry Tonight (VIP Mix),
830,11,Armin van Buuren , Gimme The Love,
830,12,Pickle , Das Boom,
830,13,Peewee & John Ferris , Time to Make The Floor Burn 2025,
830,14,Unfazed , A Gira (David Guetta Remix),
830,15,Wade , I Was Made For Lovin You,
830,16,Charlie Morrow , Treat Me Right ,
829,1,Matt Hawk , Livin Life,
829,2,Raaban & Hypaton , Last Forever,
829,3,DancingFaraz , Deja Vu,
829,4,Kice , You Stole My Love,
829,5,Bec Caruana & Marcus Knight , Love is Love,
829,6,EDX , Missing 2025 (Samuele Sartini Remix),
829,7,Tensnake , Good Vibrations,
829,8,Reiss Ruben , Stop Crying Your Heart Out,
829,9,Cheat Codes & Edward Maya , Be Your Friend,
829,10,Stash Konig & Morgan Harvill , Do You Think About Me,
829,11,Don Diablo & Nelly Furtado , Doing Nothin,
829,12,Nico de Andrea , Dreaming is All I Have Left,
829,13,Cyril & James Blunt , Tears Dry Tonight (VIP Mix),
829,14,Wade , I Was Made For Lovin You,
829,15,Twocolors & Safri Duo , Head Above Water,
829,16,Marek Mela , We Are Free,
829,17,Eden Prince , Is It Good ,
